<?xml version='1.0' encoding='utf-8'?>
<addon id="plugin.video.movie.sosac.ph" name="Videa Sosáč" provider-name="Pepa" version="1.0.0">
  <requires>
    <import addon="xbmc.python" version="2.1.0" />
    <import addon="script.module.stream.resolver" version="1.6.24" />
  </requires>
  <extension library="default.py" point="xbmc.python.pluginsource" provides="video">
    <provides>video</provides>
  </extension>
  <extension point="xbmc.addon.metadata">
    <summary lang="en">movies.sosac.ph</summary>
    <summary lang="cs">movies.sosac.ph</summary>
    <description lang="en">Watch online videa movies.sosac.ph</description>
    <description lang="cs">Sledujte online videa z movies.sosac.ph</description>
    <platform>all</platform>
  </extension>
</addon>
